{"cameraMode":{"drawMode":0,"name":"Shaded","section":"Shading Mode"},"sceneLighting":false,"audioPlay":false,"sceneViewState":{"m_AlwaysRefresh":false,"showFog":true,"showSkybox":false,"showFlares":true,"showImageEffects":true,"showParticleSystems":true,"showVisualEffectGraphs":true,"m_FxEnabled":true},"in2DMode":false,"pivot":{"x":-4.325837135314941,"y":2.449782371520996,"z":30.47550392150879},"rotation":{"x":0.022207479923963548,"y":-0.9778241515159607,"z":0.1525900810956955,"w":0.14238910377025605},"size":0.44179826974868777,"orthographic":false}